Genre,Number of Tracks
 21st Century Classical,496
 432Hz,102
 8-Bit,106
 A Cappella,336
 Aarhus Indie,119
 Aberdeen Indie,175
 Abstract,228
 Abstract Beats,253
 Abstract Hip Hop,343
 Abstractro,197
 Accordion,266
 Accordéon,187
 Acid House,199
 Acid Jazz,187
 Acid Rock,110
 Acid Techno,300
 Acid Trance,130
 Acousmatic,139
 Acoustic Blues,134
 Acoustic Chill,100
 Acoustic Pop,401
 Acoustic Punk,213
 Action Rock,244
 Adelaide Indie,240
 Adoración,288
 Adoração,460
 Adult Standards,689
 Adventista,280
 Afghan Pop,192
 Afghan Traditional,114
 African Electronic,143
 African Experimental,73
 African Gospel,328
 African Metal,110
 African Percussion,196
 African Reggae,163
 African Rock,356
 Afrikaans,367
 Afrikaans Folk,94
 Afrikaans Gospel,99
 Afro Dancehall,353
 Afro House,417
 Afro Psych,96
 Afro-Funk,110
 Afrobeat,296
 Afrobeat Brasileiro,123
 Afrofuturism,186
 Afrofuturismo Brasileiro,151
 Afropop,596
 Aggrotech,350
 Aghani Lil-Atfal,71
 Alabama Indie,129
 Alabama Metal,114
 Alabama Rap,103
 Alaska Indie,152
 Albany NY Indie,187
 Alberta Country,205
 Alberta Hip Hop,141
 Album Rock,668
 Albuquerque Indie,162
 Alphorn,74
 Alpine Yodeling,178
 Alt-Idol,158
 Alternative Americana,125
 Alternative Country,570
 Alternative Dance,450
 Alternative Emo,405
 Alternative Hardcore,150
 Alternative Hip Hop,565
 Alternative Metal,686
 Alternative Metalcore,202
 Alternative Pop,295
 Alternative Pop Rock,239
 Alternative R&B,704
 Alternative Rock,688
 Alternative Roots Rock,269
 Amapiano,141
 Ambeat,210
 Ambient,373
 Ambient Black Metal,150
 Ambient Dub Techno,257
 Ambient Folk,101
 Ambient Fusion,252
 Ambient House,140
 Ambient Industrial,136
 Ambient Psychill,319
 Ambient Techno,180
 Ambient Worship,98
 American 21st Century Classical,238
 American Choir,255
 American Contemporary Classical,285
 American Folk Revival,195
 American Metalcore,203
 American Modern Classical,301
 American Post-Rock,368
 American Primitive,119
 American Romanticism,125
 American Shoegaze,258
 Amharic Pop,183
 Anadolu Rock,115
 Anarcho-Punk,209
 Ancient Mediterranean,51
 Andalusian Classical,102
 Andean,402
 Andean Flute,91
 Anglican Liturgy,159
 Animal Singing,27
 Anime,411
 Anime Latino,99
 Anime Rock,275
 Anime Score,301
 Ann Arbor Indie,140
 Anthem,113
 Anthem Emo,508
 Anthem Worship,808
 Anti-Folk,329
 Antideutsche,122
 Antilliaanse Folklore,70
 Antilliaanse Rap,90
 Antiviral Pop,338
 Apostolic Worship,144
 Appalachian Folk,299
 Appenzeller Folk,75
 Arab Alternative,205
 Arab Electronic,122
 Arab Folk,247
 Arab Groove,90
 Arab Metal,171
 Arab Pop,399
 Arab Trap,107
 Arabesk,389
 Arabic Hip Hop,196
 Arabic Jazz,112
 Argentine Alternative Rock,201
 Argentine Ambient,110
 Argentine Hardcore,98
 Argentine Heavy Metal,113
 Argentine Hip Hop,181
 Argentine Indie,489
 Argentine Indie Rock,111
 Argentine Jazz,115
 Argentine Metal,261
 Argentine Punk,188
 Argentine Reggae,151
 Argentine Rock,451
 Argentine Telepop,146
 Arkansas Country,149
 Arkansas Indie,104
 Art Pop,782
 Art Punk,136
 Art Rock,608
 Asbury Park Indie,175
 Asheville Indie,198
 Assyrian Pop,100
 Athens Indie,240
 Atlanta Indie,269
 Atmosphere,113
 Atmospheric Black Metal,298
 Atmospheric DnB,100
 Atmospheric Doom,254
 Atmospheric Post-Metal,143
 Atmospheric Post-Rock,233
 Atmospheric Sludge,176
 Auckland Indie,159
 Audiophile Vocal,105
 Aussie Drill,89
 Aussie Emo,107
 Aussietronica,173
 Austin Americana,128
 Austin Hip Hop,109
 Austin Rock,125
 Austindie,350
 Austro-German Modernism,104
 Austropop,294
 Autoharp,81
 Autonomous Black Metal,231
 Avant-Garde,313
 Avant-Garde Black Metal,193
 Avant-Garde Jazz,344
 Avant-Garde Metal,347
 Avant-Rock,122
 Axé,365
 Azeri Pop,115
 Azeri Traditional,135
 Azonto,275
 Azontobeats,584
 BC Underground Hip Hop,323
 Bachata,178
 Background Music,757
 Backing Track,141
 Bagpipe,242
 Bahamian Folk,69
 Bahamian Pop,94
 Bahá'í,141
 Baile Pop,492
 Baithak Gana,68
 Baião,96
 Baja Indie,102
 Bajki,53
 Bakersfield Sound,118
 Balafon,86
 Balalaika,91
 Balearic,330
 Balfolk,175
 Balkan Brass,257
 Balkan Hip Hop,192
 Balkan Trap,106
 Ballet Class,263
 Ballroom,315
 Baltic Black Metal,81
 Baltic Choir,68
 Baltic Classical,199
 Baltic Folk,97
 Baltimore Hip Hop,126
 Baltimore Indie,211
 Baluchi Folk,104
 Band Organ,114
 Banda,587
 Banda Caliente,391
 Banda Carnavalera,375
 Bandinhas,184
 Bandoneón,100
 Bangla,328
 Banjo,406
 Bansuri,66
 Baptist Gospel,121
 Barbadian Pop,101
 Barbershop,272
 Bard,180
 Barnalög,102
 Barnemusikk,178
 Barnmusik,388
 Barnsagor,115
 Baroque,451
 Baroque Ensemble,258
 Baroque Pop,204
 Baroque Singing,153
 Baroque Violin,94
 Basel Indie,104
 Basque Folk,99
 Bass House,508
 Bass Music,348
 Bass Trap,472
 Bass Trip,235
 Basshall,144
 Bassline,210
 Batak,187
 Bath Indie,116
 Batida,120
 Baton Rouge Indie,113
 Baton Rouge Rap,238
 Battle Rap,211
 Bay Area Hip Hop,253
 Bay Area Indie,241
 Bayerischer Rap,114
 Bboy,339
 Beach House,85
 Beach Music,194
 Beat Italiano,138
 Beatboxing,116
 Beatdown,272
 Beats,336
 Bebop,418
 Bedroom Pop,252
 Bedroom Soul,134
 Belfast Indie,164
 Belfast Metal,101
 Belgian Black Metal,102
 Belgian Blues,101
 Belgian Contemporary Classical,130
 Belgian Dance,116
 Belgian Experimental,117
 Belgian Hip Hop,271
 Belgian Indie,378
 Belgian Indie Rock,192
 Belgian Jazz,143
 Belgian Metal,187
 Belgian Modern Jazz,159
 Belgian New Wave,143
 Belgian Pop,189
 Belgian Post-Rock,101
 Belgian Punk,110
 Belgian Rock,364
 Belgian Singer-Songwriter,101
 Belgian Stoner Rock,113
 Belgian Techno,274
 Bells,64
 Belly Dance,310
 Belo Horizonte Indie,167
 Bemani,64
 Benga,208
 Bengali Folk,141
 Bergen Indie,256
 Berlin Minimal Techno,188
 Berlin School,145
 Bern Indie,149
 Bhangra,343
 Bible,65
 Big Band,423
 Big Beat,314
 Big Room,529
 Bikutsi,98
 Binaural,166
 Birdsong,110
 Birmingham Grime,100
 Birmingham Hip Hop,101
 Birmingham Indie,336
 Birmingham Metal,116
 Birthday,65
 Bitpop,106
 Black 'N' Roll,111
 Black Comedy,176
 Black Death,259
 Black Metal,352
 Black Metal Argentino,98
 Black Noise,102
 Black Sludge,198
 Black Thrash,286
 Blackened Crust,140
 Blackened Hardcore,268
 Blackgaze,270
 Blaskapelle,327
 Blasmusik,327
 Bleep Techno,93
 Bluegrass,377
 Bluegrass Gospel,150
 Blues,422
 Blues Band,213
 Blues Latinoamericano,166
 Blues Rock,588
 Blues-Rock Guitar,222
 Bmore,184
 Boeremusiek,163
 Bohemian Baroque,99
 Bolero,347
 Bongo Flava,204
 Boogaloo,100
 Boogie-Woogie,141
 Boom Bap,365
 Bosnia and Herzegovina,100
 Bosnian Electronic,93
 Bosnian Indie,78
 Bossa Nova,411
 Bossa Nova Cover,206
 Bossa Nova Jazz,211
 Boston Hardcore,200
 Boston Hip Hop,163
 Boston Indie,360
 Boston Metal,219
 Boston Punk,124
 Boston Rock,341
 Bothy Ballad,77
 Bounce,184
 Bouncy House,236
 Bouzouki,109
 Bow Pop,226
 Boy Band,191
 Boy Pop,217
 Boy Soprano,98
 Brain Waves,129
 Braindance,123
 Brass Band,212
 Brass Ensemble,186
 Brass Quintet,205
 Brasília Hip Hop,114
 Breakbeat,281
 Breakcore,265
 Breaks,131
 Brega,369
 Brega Funk,155
 Brega Romântico,96
 Breton Folk,280
 Brighton Indie,380
 Brill Building Pop,540
 Brisbane Indie,188
 Bristol Electronic,162
 Bristol Indie,176
 Brit Funk,88
 British Alternative Rock,220
 British Black Metal,225
 British Blues,238
 British Brass Band,277
 British Children's Music,98
 British Choir,299
 British Comedy,167
 British Contemporary Classical,398
 British Country,219
 British Dance Band,197
 British Electroacoustic,84
 British Experimental,283
 British Folk,269
 British Indie Rock,254
 British Industrial,197
 British Invasion,201
 British Jazz,244
 British Math Rock,113
 British Modern Classical,155
 British Post-Rock,179
 British Singer-Songwriter,107
 British Soul,205
 British Soundtrack,238
 Britpop,358
 Broadway,579
 Broken Beat,232
 Bronx Hip Hop,140
 Brooklyn Indie,380
 Brostep,463
 Brutal Death Metal,334
 Brutal Deathcore,272
 Bubble Trance,321
 Bubblegum Dance,389
 Bubblegum Pop,494
 Buffalo NY Indie,207
 Buffalo NY Metal,112
 Burkinabé Pop,98
 Burkinabé Traditional,76
 Burmese Pop,278
 Burmese Traditional,96
 Bury St Edmunds Indie,92
 Byzantine,97
 Børnesange,127
 Bērnu Dziesmas,61
 C-Pop,517
 C64,225
 C86,314
 Cabaret,115
 Cajun,227
 Calgary Indie,160
 Cali Rap,531
 Calming Instrumental,602
 Calypso,165
 Cambridgeshire Indie,242
 Canadian Black Metal,106
 Canadian Blues,135
 Canadian Celtic,157
 Canadian Children's Music,116
 Canadian Choir,66
 Canadian Classical,155
 Canadian Comedy,184
 Canadian Contemporary Country,218
 Canadian Contemporary R&B,177
 Canadian Country,396
 Canadian Electronic,250
 Canadian Electropop,125
 Canadian Experimental,146
 Canadian Folk,237
 Canadian Garage Rock,124
 Canadian Hardcore,128
 Canadian Hip Hop,483
 Canadian House,188
 Canadian Indie,446
 Canadian Indigenous,172
 Canadian Latin,160
 Canadian Metal,320
 Canadian Metalcore,147
 Canadian Modern Jazz,238
 Canadian Pop,282
 Canadian Pop Punk,148
 Canadian Post-Hardcore,101
 Canadian Post-Punk,114
 Canadian Post-Rock,114
 Canadian Psychedelic,100
 Canadian Psychedelic Rock,104
 Canadian Punk,183
 Canadian Rock,190
 Canadian Rockabilly,90
 Canadian Shoegaze,113
 Canadian Singer-Songwriter,317
 Canadian Soundtrack,114
 Canadian Stoner Rock,107
 Canberra Indie,146
 Canción Infantil Mexicana,82
 Canción Melódica,107
 Candombe,98
 Candomblé,77
 Candy Pop,226
 Cantaditas,111
 Cantautor,609
 Cantautor Català,141
 Cante Alentejano,66
 Cante Flamenco,335
 Canterbury Scene,326
 Canti Alpini,98
 Canto a tenore,94
 Cantonese Traditional,110
 Cantopop,374
 Canzone Genovese,78
 Canzone Napoletana,356
 Canzone d'autore,158
 Canções Infantis,74
 Cape Breton Folk,91
 Cape Town Indie,123
 Capoeira,212
 Caracas Indie,114
 Cardiff Indie,147
 Caribbean Metal,105
 Carnatic,279
 Carnatic Instrumental,138
 Carnatic Vocal,203
 Carnaval,506
 Carnaval Cádiz,45
 Carnaval Limburg,289
 Cartoon,92
 Catalan Folk,260
 Cathedral Choir,159
 Catstep,378
 Caucasian Folk,165
 Cavernous Death Metal,183
 Cello,306
 Celtic,371
 Celtic Harp,112
 Celtic Metal,103
 Celtic Punk,300
 Celtic Rock,225
 Central Asian Folk,101
 Cha-Cha-Chá,123
 Chaabi Algérien,94
 Chaabi Marocain,186
 Chakra,128
 Chalga,289
 Chamamé,349
 Chamber Choir,284
 Chamber Ensemble,129
 Chamber Orchestra,302
 Chamber Pop,825
 Chamber Psych,586
 Champeta,124
 Channel Islands Indie,111
 Channel Pop,252
 Chanson,458
 Chanson Paillarde,110
 Chanson Québécois,314
 Chant Basque,106
 Chant Religieux,114
 Chaotic Black Metal,240
 Chaotic Hardcore,260
 Charanga,118
 Charango,120
 Charlottesville Indie,152
 Charred Death,196
 Chattanooga Indie,157
 Chechen Pop,158
 Chicago Blues,270
 Chicago Drill,121
 Chicago Hardcore,96
 Chicago House,307
 Chicago Indie,262
 Chicago Pop Punk,292
 Chicago Punk,203
 Chicago Rap,271
 Chicago Soul,87
 Chicano Punk,97
 Chicano Rap,397
 Chicha,178
 Chihuahua Indie,118
 Children's Choir,168
 Children's Folk,164
 Children's Music,450
 Children's Story,65
 Chill Beats,137
 Chill Groove,177
 Chill Guitar,125
 Chill Lounge,392
 Chill-Out Trance,220
 Chillhop,567
 Chillstep,336
 Chillwave,431
 Chinderlieder,124
 Chinese Audiophile,105
 Chinese Classical,106
 Chinese Classical Performance,84
 Chinese Electronic,160
 Chinese Electropop,146
 Chinese Experimental,119
 Chinese Folk,113
 Chinese Hip Hop,335
 Chinese Idol Pop,99
 Chinese Indie,362
 Chinese Indie Rock,199
 Chinese Instrumental,74
 Chinese Jazz,116
 Chinese Metal,103
 Chinese Minyao,165
 Chinese New Year,98
 Chinese Opera,88
 Chinese Post-Rock,72
 Chinese Punk,99
 Chinese Soundtrack,111
 Chinese Traditional,352
 Chinese Worship,115
 Chip Hop,235
 Chiptune,257
 Choral,314
 Choro,331
 Christchurch Indie,113
 Christelijk,321
 Christian A Cappella,117
 Christian Afrobeat,102
 Christian Alternative Rock,493
 Christian Dance,154
 Christian Deathcore,134
 Christian Hard Rock,103
 Christian Hardcore,243
 Christian Hip Hop,470
 Christian Indie,265
 Christian Metal,341
 Christian Music,473
 Christian Pop,478
 Christian Power Metal,157
 Christian Punk,277
 Christian Relaxative,366
 Christian Rock,393
 Christian Symphonic Metal,102
 Christian Thrash Metal,119
 Christian Trap,378
 Christian Uplift,247
 Christlicher Rap,94
 Christmas,513
 Christmas Instrumental,157
 Christmas Product,296
 Chunchaca,147
 Chutney,107
 Cimbalom,99
 Cincinnati Indie,135
 Cinematic Dubstep,169
 Cinematic Post-Rock,111
 Circassian Folk,107
 Circuit,322
 Circus,90
 Classic Afrobeat,168
 Classic Arab Pop,134
 Classic Belgian Pop,342
 Classic Bollywood,272
 Classic Candian Rock,152
 Classic Cantopop,288
 Classic Country Pop,140
 Classic Czech Pop,336
 Classic Danish Pop,375
 Classic Dutch Pop,310
 Classic Eurovision,235
 Classic Finnish Pop,403
 Classic Finnish Rock,337
 Classic French Pop,253
 Classic Garage Rock,327
 Classic Girl Group,100
 Classic Greek Pop,164
 Classic Greek Rock,119
 Classic Indo Pop,355
 Classic Iskelmä,490
 Classic Italian Folk Pop,239
 Classic Italian Pop,485
 Classic J-Rock,104
 Classic Luk Thung,125
 Classic Mandopop,383
 Classic Moroccan Pop,110
 Classic Norwegian Pop,389
 Classic Persian Pop,324
 Classic Polish Pop,339
 Classic Portuguese Pop,313
 Classic Praise,265
 Classic Progressive House,165
 Classic Psychedelic Rock,241
 Classic Rock,602
 Classic Schlager,370
 Classic Sinhala Pop,321
 Classic Soul,483
 Classic Soundtrack,309
 Classic Swedish Pop,482
 Classic Thai Pop,403
 Classic Turkish Pop,305
 Classic UK Pop,153
 Classical,468
 Classical Accordion,181
 Classical Baritone,196
 Classical Bass,248
 Classical Bassoon,184
 Classical Cello,374
 Classical Clarinet,204
 Classical Contralto,92
 Classical Countertenor,145
 Classical Era,231
 Classical Flute,297
 Classical Guitar,333
 Classical Guitar Duo,90
 Classical Guitar Quartet,83
 Classical Harp,184
 Classical Horn,124
 Classical Mandolin,133
 Classical Mezzo-Soprano,302
 Classical Oboe,235
 Classical Organ,273
 Classical Percussion,263
 Classical Performance,881
 Classical Piano,456
 Classical Piano Duo,181
 Classical Piano Trio,411
 Classical Saxophone,176
 Classical Saxophone Quartet,198
 Classical Soprano,648
 Classical String Trio,102
 Classical Tenor,398
 Classical Trombone,78
 Classical Trumpet,128
 Classical Tuba,102
 Classify,408
 Clawhammer Banjo,100
 Clean Comedy,127
 Cleveland Indie,140
 Coco,96
 Coldwave,103
 Collage Pop,104
 College A Cappella,300
 College Marching Band,155
 Cologne Electronic,145
 Cologne Indie,181
 Columbus Ohio Indie,253
 Combos Nacionales,67
 Comedia,147
 Comedienne,203
 Comedy,361
 Comedy Rap,105
 Comedy Rock,172
 Comic,356
 Comic Metal,118
 Commons,265
 Complextro,331
 Compositional Ambient,501
 Concepción Indie,134
 Concert Band,285
 Concertina,98
 Congo (Kinshasa),37
 Connecticut Hardcore,128
 Connecticut Indie,295
 Conscious Hip Hop,286
 Contemporary Classical,460
 Contemporary Classical Piano,132
 Contemporary Country,561
 Contemporary Folk,224
 Contemporary Gospel,362
 Contemporary Jazz,489
 Contemporary Post-Bop,455
 Contemporary Vocal Jazz,263
 Contrabass,175
 Cool Jazz,441
 Copla,168
 Coptic Hymn,66
 Cork Indie,141
 Cornetas y Tambores,303
 Cornish Folk,65
 Cornwall Indie,189
 Corrido,485
 Corridos Cristianos,162
 Corrosion,275
 Corsican Folk,223
 Cosmic American,141
 Cosmic Black Metal,146
 Cosmic Post-Rock,103
 Cosmic Uplifting Trance,183
 Country,583
 Country Blues,218
 Country Boogie,154
 Country Dawn,401
 Country Gospel,139
 Country Pop,657
 Country Québécois,149
 Country Rap,206
 Country Road,452
 Country Rock,796
 Coupe Decale,284
 Coventry Indie,99
 Coverchill,421
 Covertrance,222
 Cowboy Western,133
 Cowpunk,139
 Crack Rock Steady,163
 Crossover Prog,304
 Crossover Thrash,420
 Crunk,113
 Crust Punk,262
 Cryptic Black Metal,260
 Cuarteto,100
 Cuatro Venezolano,101
 Cuento Infantile,101
 Cumbia,561
 Cumbia Andina Mexicana,88
 Cumbia Ecuatoriana,218
 Cumbia Funk,139
 Cumbia Pop,425
 Cumbia Ranchera,361
 Cumbia Salvadoreña,141
 Cumbia Santafesina,139
 Cumbia Sonidera,409
 Cumbia Sureña,97
 Cumbia Villera,362
 Cyber Metal,183
 Cyberpunk,268
 Cymraeg,175
 Cypriot Pop,127
 Czech Contemporary Classical,125
 Czech Electronic,107
 Czech Folk,403
 Czech Hip Hop,107
 Czech Indie,225
 Czech Metal,180
 Czech Pop,179
 Czech Punk,156
 Czech Rock,482
 Cèilidh,180
 Côte D'Ivoire,76
 DC Hardcore,87
 DC Indie,234
 DFW Rap,169
 DIY Emo,317
 DIY Pop Punk,337
 Dabke,94
 Dainuojamoji Poezija,96
 Dakke Dak,109
 Dallas Indie,259
 Dance Pop,1135
 Dance Rock,612
 Dance-Punk,484
 Dancehall,416
 Dangdut,400
 Dangdut Koplo,131
 Dangdut Remix,142
 Danish Alternative Rock,171
 Danish Choir,98
 Danish Classical,105
 Danish Contemporary Classical,110
 Danish Electro,110
 Danish Electronic,154
 Danish Electropop,122
 Danish Experimental,157
 Danish Folk,143
 Danish Hip Hop,540
 Danish Indie,235
 Danish Indie Pop,139
 Danish Jazz,155
 Danish Metal,180
 Danish Modern Jazz,159
 Danish Pop,524
 Danish Pop Rock,120
 Danish Singer-Songwriter,101
 Danish Techno,110
 Dansband,365
 Danseband,339
 Dansk Lovsang,99
 Dansktop,356
 Danspunk,426
 Darbuka,122
 Dark Ambient,301
 Dark Black Metal,307
 Dark Cabaret,271
 Dark Disco,218
 Dark Electro,407
 Dark Electro-Industrial,220
 Dark Folk,101
 Dark Hardcore,124
 Dark Jazz,192
 Dark Minimal Techno,207
 Dark Post-Punk,362
 Dark Progressive House,254
 Dark Psytrance,282
 Dark Techno,360
 Dark Trap,454
 Dark Wave,341
 Darkstep,223
 Darksynth,147
 Dayton Indie,146
 Death 'N' Roll,151
 Death Industrial,117
 Death Metal,441
 Deathcore,442
 Deathgrass,135
 Deathgrind,364
 Deathrock,267
 Deathstep,141
 Deep Acoustic Pop,250
 Deep Active Rock,135
 Deep Adult Standards,276
 Deep Ambient,248
 Deep Big Room,516
 Deep Breakcore,200
 Deep Chill,225
 Deep Chill-Out,194
 Deep Christian Rock,290
 Deep Classic Garage Rock,151
 Deep Comedy,344
 Deep Contemporary Country,276
 Deep Cumbia Sonidera,339
 Deep Dance Pop,171
 Deep Darkpsy,237
 Deep Deep House,214
 Deep Deep Tech House,273
 Deep Delta Blues,135
 Deep Disco,279
 Deep Disco House,241
 Deep Discofox,139
 Deep DnB,240
 Deep Downtempo Fusion,134
 Deep Dubstep,338
 Deep East Coast Hip Hop,231
 Deep Euro House,253
 Deep Eurodance,192
 Deep Filthstep,216
 Deep Flow,158
 Deep Folk Metal,295
 Deep Free Jazz,232
 Deep Freestyle,267
 Deep Full On,190
 Deep Funk,105
 Deep Funk House,237
 Deep Funk Ostentação,219
 Deep G Funk,215
 Deep German Hip Hop,462
 Deep German Indie,187
 Deep German Punk,189
 Deep Gothic Post-Punk,171
 Deep Groove House,509
 Deep Happy Hardcore,196
 Deep Hardcore,215
 Deep Hardcore Punk,153
 Deep Hardtechno,259
 Deep House,653
 Deep Indie Pop,214
 Deep Indie Rock,211
 Deep Indie Singer-Songwriter,271
 Deep Italo Disco,218
 Deep Jazz Fusion,200
 Deep Latin Alternative,234
 Deep Latin Christian,372
 Deep Latin Jazz,242
 Deep Liquid,247
 Deep Liquid Bass,294
 Deep Melodic Death Metal,154
 Deep Melodic Euro House,529
 Deep Melodic Hard Rock,140
 Deep Melodic Metalcore,160
 Deep Metalcore,289
 Deep Minimal Techno,273
 Deep Motown,207
 Deep Neo-Synthpop,234
 Deep Neofolk,128
 Deep New Americana,560
 Deep New Wave,248
 Deep Norteño,349
 Deep Northern Soul,192
 Deep Orgcore,163
 Deep Pop Emo,167
 Deep Pop R&B,587
 Deep Power-Pop Punk,242
 Deep Progressive House,270
 Deep Progressive Trance,223
 Deep Psychobilly,301
 Deep Psytrance,178
 Deep Punk Rock,179
 Deep R&B,240
 Deep Ragga,263
 Deep Rai,227
 Deep Regional Mexican,366
 Deep Smooth Jazz,309
 Deep Soft Rock,229
 Deep Soul House,288
 Deep Soundtrack,204
 Deep Southern Soul,179
 Deep Southern Trap,358
 Deep Space Rock,204
 Deep Sunset Lounge,190
 Deep Surf Music,267
 Deep Swedish Rock,217
 Deep Symphonic Black Metal,209
 Deep Talent Show,408
 Deep Tech House,229
 Deep Techno,168
 Deep Tropical House,509
 Deep Turkish Pop,398
 Deep Underground Hip Hop,559
 Deep Uplifting Trance,260
 Deep Vocal House,170
 Deep Vocal Jazz,237
 Delaware Indie,104
 Delta Blues,143
 Dembow,122
 Demoscene,230
 Denpa-Kei,102
 Denton TX Indie,217
 Denver Indie,218
 Denver Rap,147
 Depressive Black Metal,292
 Derby Indie,159
 Derry Indie,113
 Desert Blues,138
 Desi Hip Hop,262
 Desi Pop,606
 Destroy Techno,200
 Detroit Hip Hop,315
 Detroit House,200
 Detroit Indie,159
 Detroit Techno,116
 Detroit Trap,244
 Detski Pesnichki,72
 Detskie Pesni,89
 Deutsch Disney,73
 Devon Indie,145
 Dhrupad,84
 Didgeridoo,245
 Digital Hardcore,133
 Dinner Jazz,381
 Dirty South Rap,387
 Dirty Texas Rap,262
 Disco,489
 Disco House,526
 Disco Polo,413
 Discofox,367
 Disney,174
 Disney Español,70
 Disney Italiano,91
 Disney Português,58
 Disney Português Brasil,72
 Disney Svenska,58
 Diva House,207
 Dixieland,277
 Dizi,64
 Djembe,114
 Djent,357
 Dombra,60
 Dong-Yo,175
 Doo-Wop,363
 Doom Metal,386
 Doomcore,241
 Dortmund Indie,100
 Doujin,215
 Downtempo,229
 Downtempo Fusion,147
 Draaiorgel,95
 Dragspel,176
 Drama,186
 Dream Pop,467
 Dream Trance,97
 Dreamgaze,188
 Dreamo,355
 Dresden Indie,118
 Drift,362
 Drill,210
 Drill and Bass,330
 Drone,312
 Drone Ambient,103
 Drone Folk,179
 Drone Metal,307
 Drone Psych,211
 Dronescape,168
 Drum and Bass,481
 Drumfunk,292
 Dub,413
 Dub Metal,123
 Dub Product,143
 Dub Reggae,168
 Dub Techno,301
 Dublin Indie,231
 Dubstep,296
 Dubstep Product,150
 Dubsteppe,172
 Duduk,104
 Duluth Indie,112
 Dundee Indie,99
 Dunedin Indie,240
 Dunedin Sound,146
 Dungeon Synth,181
 Duranguense,450
 Dutch Americana,122
 Dutch Black Metal,124
 Dutch Blues,170
 Dutch Cabaret,184
 Dutch Contemporary Classical,139
 Dutch Death Metal,214
 Dutch Disney,73
 Dutch Drill,103
 Dutch Experimental,145
 Dutch Experimental Electronic,128
 Dutch Folk,101
 Dutch Hip Hop,756
 Dutch House,214
 Dutch Idol Pop,190
 Dutch Indie,372
 Dutch Indie Rock,229
 Dutch Jazz,237
 Dutch Metal,165
 Dutch Moombahton,113
 Dutch Musical,119
 Dutch Pop,684
 Dutch Prog,116
 Dutch Punk,191
 Dutch Punk Rock,99
 Dutch R&B,93
 Dutch Rock,464
 Dutch Singer-Songwriter,115
 Dutch Tech House,122
 Dutch Trap,113
 Dutch Underground Hip Hop,109
 Dutch Urban,483
 Dweilorkest,203
 Düsseldorf Electronic,153
 Düsseldorf Indie,104
 Dětské Písničky,119
 E6fi,135
 Early Avant Garde,76
 Early French Punk,84
 Early Modern Classical,335
 Early Music,387
 Early Music Choir,153
 Early Music Ensemble,340
 Early Reggae,155
 Early Romantic Era,219
 East Anglia Indie,166
 East Coast Hip Hop,321
 East Coast Reggae,141
 Eastern Bloc Groove,189
 Easy Listening,389
 Easycore,365
 Eau Claire Indie,198
 Ectofolk,295
 Edinburgh Indie,152
 Edinburgh Metal,110
 Edmonton Indie,405
 El Paso Indie,128
 Electra,362
 Electric Bass,226
 Electric Blues,423
 Electro,438
 Electro Bailando,292
 Electro Dub,213
 Electro House,1004
 Electro Jazz,269
 Electro Latino,210
 Electro Swing,306
 Electro Trash,235
 Electro-Industrial,450
 Electroacoustic Composition,111
 Electroacoustic Improvisation,194
 Electroclash,192
 Electrofox,234
 Electronic Djent,107
 Electronic Rock,117
 Electronic Trap,531
 Electronica,647
 Electronicore,184
 Electropop,812
 Electropowerpop,197
 Electrónica Cristiana,105
 Elektropunk,167
 Emo,535
 Emo Punk,318
 Emo Rap,484
 Emocore,101
 Emoviolence,108
 English Baroque,98
 English Indie Rock,485
 English Renaissance,185
 Enka,358
 Entehno,398
 Environmental,399
 Epic Doom,121
 Epicore,399
 Er Ge,150
 Erhu,93
 Erotica,100
 Escape Room,607
 Esperanto,101
 Essex Indie,160
 Ethereal Gothic,188
 Ethereal Wave,301
 Etherpop,269
 Ethio-Jazz,98
 Ethnomusicology,159
 Ethnotronica,366
 Euphonium,104
 Euphoric Hardstyle,283
 Eurobeat,95
 Eurodance,412
 Europop,745
 Euroska,213
 Eurovision,541
 Euskal Indie,139
 Euskal Metal,140
 Euskal Rock,355
 Exotica,265
 Experimental,399
 Experimental Ambient,241
 Experimental Bass,103
 Experimental Big Band,102
 Experimental Black Metal,146
 Experimental Club,161
 Experimental Dubstep,240
 Experimental Electronic,194
 Experimental Folk,101
 Experimental Hip Hop,181
 Experimental House,147
 Experimental Indie,100
 Experimental Jazz,148
 Experimental Percussion,95
 Experimental Poetry,87
 Experimental Pop,662
 Experimental Psych,213
 Experimental Rock,459
 Experimental Synth,120
 Experimental Techno,248
 Experimental Vocal,101
 Fado,325
 Fake,662
 Fallen Angel,627
 Family Gospel,190
 Faroese Folk,129
 Faroese Indie,130
 Faroese Jazz,84
 Faroese Pop,240
 Faroese Rock,104
 Fast Melodic Punk,293
 Fidget House,216
 Field Recording,193
 Filmi,732
 Filter House,368
 Filthstep,300
 Final Fantasy,130
 Fingerstyle,313
 Finnish Black Metal,170
 Finnish Blues,117
 Finnish Choir,99
 Finnish Classical,100
 Finnish Dance Pop,531
 Finnish Death Metal,361
 Finnish Doom Metal,256
 Finnish Electro,109
 Finnish Electronic,114
 Finnish Folk,151
 Finnish Hardcore,154
 Finnish Hip Hop,549
 Finnish Indie,478
 Finnish Jazz,210
 Finnish Metal,470
 Finnish Pop,479
 Finnish Power Metal,134
 Finnish Psychedelic Rock,117
 Finnish Punk,332
 Finnish Reggae,95
 Finnish Rockabilly,129
 Finnish Tango,123
 Finnish Techno,91
 Finnish Worship,174
 Firenze Indie,122
 Fisarmonica,139
 Flamenco,418
 Flamenco Guitar,246
 Flemish Folk,107
 Flick Hop,148
 Float House,538
 Florida Death Metal,222
 Florida Hardcore,106
 Florida Rap,140
 Fluxwork,374
 Fo Jing,91
 Focus,425
 Focus Trance,402
 Folclor Afrocolombiano,105
 Folclore Castilla y Leon,123
 Folclore Extremeño,90
 Folclore Português,93
 Folk,711
 Folk Brasileiro,334
 Folk Cantabria,74
 Folk Metal,310
 Folk Metal Latinoamericano,131
 Folk Punk,302
 Folk Rock,786
 Folk Rock Italiano,141
 Folk Siciliana,129
 Folk-Pop,245
 Folklore Argentino,373
 Folklore Ecuatoriano,121
 Folklore Nuevo Argentino,134
 Folklore Panameño,112
 Folklore Québécois,89
 Folklore Venezolano,108
 Folkmusik,311
 Folktronica,134
 Football,254
 Footwork,200
 Forest Psy,161
 Forró,725
 Forró Tradicional,272
 Fort Worth Indie,174
 Fourth World,331
 Franco-Flemish School,156
 Francoton,498
 Frankfurt Electronic,223
 Frankfurt Indie,99
 Freak Folk,708
 Freakbeat,320
 Free Folk,160
 Free Improvisation,341
 Free Jazz,304
 Freestyle,291
 Fremantle Indie,100
 French Baroque,262
 French Black Metal,267
 French Contemporary Classical,136
 French Death Metal,297
 French Dub,134
 French Folk,190
 French Folk Pop,320
 French Hip Hop,888
 French Indie Pop,483
 French Indietronica,485
 French Jazz,235
 French Metal,173
 French Movie Tunes,213
 French Opera,98
 French Pop,470
 French Post-Punk,101
 French Post-Rock,118
 French Punk,242
 French Reggae,387
 French Renaissance,134
 French Rock,473
 French Shoegaze,101
 French Soundtrack,178
 French Techno,152
 French Worship,314
 Frenchcore,150
 Frevo,95
 Fuji,143
 Full On,336
 Funaná,108
 Funeral Doom,269
 Funk,788
 Funk Carioca,557
 Funk Evangélico,72
 Funk Melody,84
 Funk Metal,200
 Funk Ostentação,471
 Funk Rock,128
 Funk das Antigas,139
 Funky Breaks,242
 Funky Tech House,291
 Fussball,102
 Future Ambient,206
 Future Funk,415
 Future Garage,337
 Future House,103
 Future Rock,101
 Futurepop,324
 G Funk,199
 Gabba,348
 Gaian Doom,175
 Gainesville Indie,127
 Gaita,96
 Gaita Zuliana,98
 Galante Era,263
 Galego,274
 Galician Folk,258
 Galician Indie,122
 Galician Jazz,94
 Galician Rock,116
 Galway Indie,150
 Gamecore,167
 Gamelan,191
 Gangster Rap,635
 Garage Pop,321
 Garage Psych,433
 Garage Punk,230
 Garage Punk Blues,133
 Garage Rock,686
 Garifuna Folk,92
 Gauze Pop,212
 GbVfi,283
 Geek Folk,234
 Geek Rock,234
 Gengetone,130
 German Alternative Rap,233
 German Alternative Rock,105
 German Baroque,307
 German Black Metal,162
 German Blues,128
 German Choir,199
 German Cloud Rap,507
 German Contemporary Classical,238
 German Country,135
 German Dance,124
 German Dark Minimal Techno,143
 German Electronica,126
 German Hard Rock,119
 German Hardcore,116
 German Hip Hop,836
 German House,135
 German Indie,499
 German Indie Folk,117
 German Indie Pop,99
 German Indie Rock,137
 German Jazz,231
 German Literature,187
 German Metal,350
 German Metalcore,224
 German Oi,280
 German Opera,105
 German Pop,706
 German Pop Rock,103
 German Post-Hardcore,116
 German Post-Punk,121
 German Post-Rock,108
 German Punk,353
 German Punk Rock,202
 German Reggae,175
 German Renaissance,113
 German Rock,796
 German Rockabilly,113
 German Shoegaze,104
 German Show Tunes,287
 German Singer-Songwriter,254
 German Ska,156
 German Soundtrack,143
 German Stoner Rock,117
 German Street Punk,235
 German Tech House,126
 German Techno,343
 German Thrash Metal,194
 German Trap,405
 German Underground Rap,163
 German Worship,342
 Ghazal,240
 Ghent Indie,129
 Ghettotech,189
 Ghoststep,238
 Girl Group,131
 Glam Metal,392
 Glam Punk,150
 Glam Rock,198
 Glasgow Indie,236
 Glass,52
 Glee Club,72
 Glitch,235
 Glitch Beats,223
 Glitch Hop,289
 Glitch Pop,134
 Glitter Trance,171
 Gnawa,116
 Go-Go,155
 Goa Psytrance,172
 Goa Trance,238
 Goregrind,374
 Gospel,344
 Gospel Blues,171
 Gospel Italiano,145
 Gospel R&B,171
 Gospel Rap,252
 Gospel Reggae,272
 Gospel Singers,271
 Gothabilly,86
 Gothenburg Hip Hop,98
 Gothenburg Indie,322
 Gothenburg Metal,254
 Gothic Alternative,127
 Gothic Americana,268
 Gothic Doom,198
 Gothic Metal,365
 Gothic Post-Punk,117
 Gothic Rock,319
 Gothic Symphonic Metal,356
 Gqom,136
 Granada Indie,164
 Grand Rapids Indie,258
 Grave Wave,362
 Graz Indie,133
 Greek Black Metal,128
 Greek Clarinet,61
 Greek Contemporary Classical,96
 Greek Folk,101
 Greek Guitar,84
 Greek Hip Hop,279
 Greek House,194
 Greek Indie,278
 Greek Metal,340
 Greek Pop,399
 Greek Rock,159
 Greek Swing,97
 Greek Trap,107
 Grim Death Metal,230
 Grime,393
 Grime Brasileiro,96
 Grimewave,190
 Grindcore,270
 Griot,137
 Grisly Death Metal,265
 Groove Metal,477
 Groove Room,325
 Grunge,223
 Grunge Pop,269
 Grupera,520
 Gruperas Inmortales,175
 Guadalajara Indie,265
 Guaracha,112
 Guggenmusik,197
 Guidance,229
 Guided Meditation,58
 Guitar Case,272
 Guitarra Portuguesa,98
 Gulf Hip Hop,92
 Gumbé,97
 Guqin,63
 Guzheng,90
 Gwoka,93
 Gymcore,437
 Gypsy,223
 Gypsy Fusion,104
 Gypsy Jazz,307
 Gypsy Punk,158
 Góralski,107
 Halifax Indie,163
 Halloween,269
 Hamburg Electronic,264
 Hamburg Hip Hop,126
 Hamburg Indie,207
 Hamburger Schule,112
 Hamilton ON Indie,284
 Hammered Dulcimer,115
 Hammond Organ,272
 Hampton Roads Indie,106
 Handbells,45
 Hands Up,353
 Hangpan,120
 Happy Hardcore,411
 Hard Alternative,347
 Hard Bass,169
 Hard Bop,404
 Hard Chime,205
 Hard Dance,185
 Hard Glam,211
 Hard House,295
 Hard Minimal Techno,207
 Hard Rock,662
 Hard Rock Brasileiro,100
 Hard Stoner Rock,253
 Hard Techno,229
 Hard Trance,177
 Hardcore,345
 Hardcore Breaks,220
 Hardcore Hip Hop,484
 Hardcore Punk,320
 Hardcore Punk Español,104
 Hardcore Techno,577
 Hardingfele,269
 Hardstyle,344
 Hardvapour,409
 Harlem Hip Hop,107
 Harmonica Blues,293
 Harmonica Jazz,99
 Harmonikka,98
 Harp,227
 Harpsichord,174
 Hauntology,280
 Hawaiian,343
 Hawaiian Hip Hop,101
 Hawaiian Indie,121
 Hawaiian Punk,163
 Healing,463
 Heartland Rock,200
 Heavy Alternative,167
 Heavy Gothic Rock,219
 Heavy Psych,142
 Hi-Tech,140
 Highlife,202
 Himalayan Folk,91
 Hindi Hip Hop,97
 Hindi Worship,98
 Hindustani Classical,304
 Hindustani Instrumental,167
 Hindustani Vocal,248
 Hip Hop,971
 Hip Hop Galsen,116
 Hip Hop Québécois,373
 Hip Hop Tuga,392
 Hip House,588
 Hip Pop,492
 Hiplife,287
 Histoire Pour Enfants,84
 Historic Classical Performance,135
 Historic Orchestral Performance,130
 Historic Piano Performance,260
 Historical Keyboard,163
 Historically Informed Performance,373
 Hmong Pop,105
 Hoerspiel,437
 Hokkien Pop,117
 Hollywood,459
 Hong Kong,100
 Hong Kong Hip Hop,119
 Hong Kong Indie,263
 Honky Tonk,91
 Honky-Tonk Piano,94
 Hopebeat,300
 Horror Punk,247
 Horror Synth,125
 Horrorcore,288
 House,608
 House Argentino,178
 Houston Indie,130
 Houston Rap,259
 Huapango,98
 Huayno,169
 Huayno Popular,106
 Hula,64
 Hull Indie,112
 Hungarian Contemporary Classical,108
 Hungarian Hip Hop,180
 Hungarian Indie,110
 Hungarian Metal,186
 Hungarian Pop,485
 Hungarian Punk,104
 Hungarian Rock,383
 Hungarian Underground Rap,145
 Hurdy-Gurdy,132
 Hyperpop,302
 Hyphy,319
 Hypnosis,43
 Idaho Indie,129
 Idol,217
 Idol Rock,381
 Igbo Traditional,99
 Igbo Worship,51
 Illbient,113
 Ilocano Pop,69
 Indie Anthem-Folk,568
 Indie Cafe Pop,272
 Indie Cantabria,212
 Indie Català,333
 Indie Curitibano,176
 Indie Córdoba,291
 Indie Deutschrap,411
 Indie Dream Pop,349
 Indie Electronica,175
 Indie Electropop,730
 Indie Emo,237
 Indie Emo Rock,218
 Indie Extremeña,110
 Indie Folk,994
 Indie Folk Argentino,119
 Indie Folk Italiano,143
 Indie Fuzzpop,267
 Indie Game Soundtrack,157
 Indie Garage Rock,492
 Indie Jazz,452
 Indie Liguria,110
 Indie Napoletano,123
 Indie Nordeste Argentino,101
 Indie Platense,265
 Indie Pop,895
 Indie Pop Rap,276
 Indie Pop Rock,155
 Indie Poptimism,838
 Indie Psych-Pop,165
 Indie Psychedelic Rock,149
 Indie Punk,559
 Indie Québécois,381
 Indie R&B,872
 Indie Rock,986
 Indie Rock Italiano,176
 Indie Rockism,173
 Indie Salvadoreño,166
 Indie Shoegaze,329
 Indie Siciliano,172
 Indie Singer-Songwriter,199
 Indie Soul,620
 Indie Surf,158
 Indie Tico,106
 Indie Valenciana,131
 Indie Veneto,255
 Indie Việt,123
 Indiecoustica,448
 Indietronica,833
 Indorock,213
 Industrial,299
 Industrial Black Metal,190
 Industrial Hip Hop,101
 Industrial Metal,402
 Industrial Rock,344
 Industrial Techno,284
 Indy Indie,200
 Instrumental Acoustic Guitar,119
 Instrumental Bluegrass,241
 Instrumental Death Metal,97
 Instrumental Funk,244
 Instrumental Grime,154
 Instrumental Math Rock,187
 Instrumental Post-Rock,295
 Instrumental Progressive Metal,128
 Instrumental Rock,328
 Instrumental Soul,72
 Instrumental Stoner Rock,197
 Instrumental Surf,356
 Intelligent Dance Music,306
 Inuit Pop,97
 Inuit Traditional,67
 Iowa Indie,134
 Irish Accordion,91
 Irish Ballad,90
 Irish Banjo,97
 Irish Classical,82
 Irish Contemporary Classical,130
 Irish Country,351
 Irish Dance,80
 Irish Electronic,142
 Irish Experimental,87
 Irish Experimental Electronic,101
 Irish Fiddle,174
 Irish Flute,114
 Irish Folk,385
 Irish Gaelic Folk,104
 Irish Hip Hop,284
 Irish Indie,143
 Irish Indie Rock,146
 Irish Metal,251
 Irish Neo-Traditional,166
 Irish Pop,174
 Irish Pub Song,83
 Irish Rebel Song,114
 Irish Rock,274
 Irish Singer-Songwriter,187
 Irish Techno,170
 Iskelmä,458
 Islamic Recitation,97
 Isle Of Man Indie,131
 Isle of Wight Indie,103
 Italian Alternative,439
 Italian Arena Pop,560
 Italian Baritone,181
 Italian Baroque,316
 Italian Bass,134
 Italian Black Metal,158
 Italian Blues,132
 Italian Choir,85
 Italian Contemporary Classical,110
 Italian Contemporary Jazz,146
 Italian Death Metal,137
 Italian Disco,311
 Italian Doom Metal,107
 Italian Electronica,168
 Italian Emo,157
 Italian Experimental,117
 Italian Folk,196
 Italian Folk Metal,100
 Italian Gothic,102
 Italian Gothic Metal,178
 Italian Hardcore,123
 Italian Hip Hop,572
 Italian Indie Pop,316
 Italian Industrial,83
 Italian Jazz,220
 Italian Jazz Fusion,107
 Italian Library Music,147
 Italian Mandolin,63
 Italian Metal,202
 Italian Metalcore,139
 Italian Mezzo-Soprano,92
 Italian Modern Prog,126
 Italian New Wave,106
 Italian Occult Psychedelia,81
 Italian Opera,182
 Italian Pop,458
 Italian Pop Punk,118
 Italian Pop Rock,214
 Italian Post Punk,108
 Italian Post-Hardcore,101
 Italian Post-Rock,110
 Italian Power Metal,167
 Italian Progressive Metal,137
 Italian Progressive Rock,282
 Italian Punk,178
 Italian Reggae,135
 Italian Renaissance,220
 Italian Rockabilly,90
 Italian Ska,110
 Italian Soprano,232
 Italian Soundtrack,139
 Italian Stoner Rock,164
 Italian Tech House,143
 Italian Techno,199
 Italian Tenor,305
 Italian Underground Hip Hop,187
 Italo Beats,156
 Italo Dance,179
 Italo House,94
 Italogaze,122
 J-Acoustic,105
 J-Ambient,204
 J-Core,264
 J-Dance,152
 J-Division,455
 J-Idol,241
 J-Indie,219
 J-Metal,361
 J-Pixie,164
 J-Pop,573
 J-Pop Boy Group,121
 J-Pop Girl Group,293
 J-Poprock,149
 J-Punk,152
 J-Rap,510
 J-Reggae,253
 J-Rock,515
 Jacksonville Indie,162
 Jam Band,365
 Jamgrass,111
 Jamtronica,123
 Jangle Pop,344
 Jangle Rock,242
 Jaw Harp,116
 Jawaiian,359
 Jazz,394
 Jazz Accordion,91
 Jazz Blues,117
 Jazz Boom Bap,372
 Jazz Brass,218
 Jazz Caraïbes,97
 Jazz Català,124
 Jazz Clarinet,157
 Jazz Composition,228
 Jazz Double Bass,210
 Jazz Drums,207
 Jazz Flute,103
 Jazz Funk,441
 Jazz Fusion,471
 Jazz Guitar,406
 Jazz Harp,86
 Jazz Metal,266
 Jazz Mexicano,216
 Jazz Orchestra,224
 Jazz Organ,204
 Jazz Piano,261
 Jazz Quartet,176
 Jazz Rap,249
 Jazz Rock,122
 Jazz Saxophone,525
 Jazz Trio,340
 Jazz Trombone,261
 Jazz Trumpet,413
 Jazz Tuba,89
 Jazz Venezolano,104
 Jazz Vibraphone,207
 Jazz Violin,190
 Jazztronica,138
 Jewish A Capella,93
 Jewish Cantorial,99
 Jewish Hip Hop,100
 Jewish Pop,340
 Jig and Reel,213
 Joropo,83
 Jovem Guarda,124
 Judaica,252
 Jug Band,104
 Jugendchor,45
 Jump Blues,146
 Jump Up,380
 Jumpstyle,252
 Jumptek,213
 Jungle,317
 Junior Eurovision,62
 K-Hop,586
 K-Indie,574
 K-Pop,751
 K-Pop Boy Group,311
 K-Pop Girl Group,288
 K-Rock,219
 KC Indie,222
 Kaba Gaida,70
 Kabarett,336
 Kabyle,202
 Kaneka,125
 Kannada Bhava Geethe,88
 Kansas Indie,101
 Kantele,90
 Kapa Haka,96
 Karadeniz Halk Müziği,123
 Karaoke,475
 Karneval,263
 Kaseko,146
 Kashmiri Pop,89
 Kavkaz,181
 Kawaii Future Bass,119
 Kawaii Metal,119
 Kayokyoku,121
 Kazakh Pop,181
 Kelowna BC Indie,109
 Kent Indie,260
 Kentucky Indie,104
 Kentucky Metal,132
 Kentucky Mountain Folk,101
 Keroncong,103
 Khaliji,196
 Khmer,94
 Kids Dance Party,158
 Kikuyu Gospel,126
 Kikuyu Pop,90
 Kinderchor,200
 Kindermusik,415
 Kindie Rock,238
 Kingston ON Indie,139
 Kirtan,361
 Kiwi Rock,266
 Kizomba,339
 Klapa,197
 Kleine Hoerspiel,649
 Kleinkunst,149
 Klezmer,296
 Knoxville Indie,198
 Kodomo No Ongaku,136
 Komedi,111
 Kompa,390
 Kora,117
 Korean Classical Performance,90
 Korean Contemporary Classical,71
 Korean Electronic,89
 Korean Experimental,79
 Korean Indie Rock,177
 Korean Jazz,93
 Korean Metal,103
 Korean Pop,560
 Korean Punk,100
 Korean R&B,331
 Korean Traditional,141
 Korean Trap,106
 Korean Worship,104
 Kosovan Folk,121
 Kosovan Pop,134
 Koto,87
 Krautrock,216
 Kritika,184
 Kuduro,159
 Kundiman,105
 Kurdish Folk,169
 Kurdish Pop,320
 Kwaito,306
 Kwaito House,366
 Kyrgyz Pop,97
 Kyrgyz Traditional,56
 Kölsche Karneval,321
 LDS,319
 LDS Youth,138
 Laboratorio,253
 Lafayette Indie,144
 Laiko,415
 Lancashire Indie,105
 Language,98
 Lao Traditional,74
 Late Romantic Era,280
 Latin,962
 Latin Afrobeat,104
 Latin Alternative,623
 Latin American Baroque,104
 Latin American Heavy Psych,195
 Latin Arena Pop,251
 Latin Christian,388
 Latin Classical,225
 Latin Funk,169
 Latin Hip Hop,502
 Latin House,101
 Latin Jazz,398
 Latin Metal,340
 Latin Pop,663
 Latin Rock,859
 Latin Shoegaze,105
 Latin Ska,147
 Latin Soundtrack,178
 Latin Surf Rock,127
 Latin Talent Show,238
 Latin Tech House,159
 Latin Viral Pop,379
 Latin Worship,443
 Latincore,300
 Latino Comedy,95
 Latintronica,171
 Lawrence KS Indie,165
 Lebanese Indie,108
 Lebanese Pop,249
 Leeds Indie,250
 Leicester Indie,114
 Leipzig Electronic,107
 Leipzig Indie,165
 Lesen,402
 Levenslied,414
 Lezginka,113
 León Gto Indie,120
 Library Music,383
 Liedermacher,297
 Light Music,265
 Lilith,446
 Limerick Indie,122
 Liquid Funk,416
 Liverpool Indie,350
 Livetronica,118
 Lo Star,260
 Lo-Fi,375
 Lo-Fi Beats,689
 Lo-Fi Chill,237
 Lo-Fi House,200
 London Indie,166
 London ON Indie,146
 London Rap,221
 Louisiana Blues,154
 Louisiana Metal,123
 Louisville Indie,212
 Lounge,538
 Lounge House,200
 Louvor,319
 Lovecraftian Metal,146
 Lovers Rock,427
 Lowercase,218
 Luk Thung,106
 Lullaby,319
 Lund Indie,95
 Lute,154
 Ländler,108
 Macao,100
 Macedonian Electronic,98
 Macedonian Folk,183
 Macedonian Indie,90
 Macedonian Pop,122
 Madchester,104
 Maghreb,142
 Magyar,276
 Magyar Alternative,393
 Magyar Mulatós,101
 Magyar Trap,100
 Mahraganat,96
 Maine Indie,225
 Mainland Chinese Pop,312
 Makossa,295
 Malagasy Folk,159
 Malayalam Hip Hop,60
 Malayalam Worship,84
 Mallet,177
 Malmö Indie,154
 Maloya,143
 Maltese Pop,116
 Mambo,131
 Manchester Hip Hop,149
 Manchester Indie,329
 Mandible,202
 Mandolin,134
 Mandopop,490
 Mandé Pop,180
 Manele,307
 Mangue Bit,124
 Manila Sound,119
 Manitoba Country,105
 Manitoba Indie,200
 Manso Indie,184
 Mantra,244
 Marathi Pop,187
 Marcha Fúnebre,77
 Marching Band,277
 Mariachi,375
 Mariachi Cristiano,126
 Marimba Mexicana,97
 Marimba Orquesta,123
 Marrabenta,73
 Martial Industrial,293
 Mashup,180
 Maskandi,133
 Massage,178
 Math Pop,277
 Math Rock,269
 Math Rock Latinoamericano,93
 Mathcore,317
 Mathgrind,90
 Mbalax,304
 Mbira,112
 Medieval,181
 Medieval Ensemble,110
 Medieval Folk,322
 Medieval Rock,283
 Medimeisterschaften,80
 Meditation,498
 Medway Sound,118
 Melancholia,326
 Melbourne Bounce,212
 Melbourne Bounce International,184
 Melbourne Indie,317
 Mellow Gold,657
 Melodic Black Metal,200
 Melodic Death Metal,357
 Melodic Deathcore,187
 Melodic Dubstep,151
 Melodic Hard Rock,346
 Melodic Hardcore,599
 Melodic Metal,521
 Melodic Metalcore,633
 Melodic Power Metal,190
 Melodic Progressive Metal,263
 Melodic Rap,167
 Melodic Techno,169
 Melodic Thrash,177
 Melodipop,299
 Meme Rap,446
 Memphis Americana,112
 Memphis Blues,113
 Memphis Hip Hop,209
 Memphis Indie,159
 Memphis Soul,186
 Men's Choir,191
 Merengue,328
 Merengue Típico,111
 Merseybeat,356
 Messianic Praise,198
 Mestissatge,105
 Metal,615
 Metal Català,283
 Metal Ecuatoriano,126
 Metal Galego,134
 Metal Guitar,280
 Metal Gótico,129
 Metal Tico,110
 Metalcore,656
 Metalcore Español,104
 Metallic Hardcore,410
 Metropopolis,392
 Mevlevi Sufi,136
 Mexican Black Metal,110
 Mexican Classic Rock,96
 Mexican Classical,101
 Mexican Electronic,141
 Mexican Hardcore,99
 Mexican Hip Hop,438
 Mexican Indie,525
 Mexican Metal,273
 Mexican Pop,249
 Mexican Pop Punk,159
 Mexican Post-Rock,101
 Mexican Rock,495
 Mexican Rock-and-Roll,306
 Mexican Son,259
 Mexican Tech House,144
 Mexican Techno,104
 Mexican Traditional,213
 Mezmur,177
 Miami Bass,208
 Miami Hip Hop,181
 Miami Indie,216
 Miami Metal,104
 Michigan Folk,133
 Michigan Indie,227
 Microhouse,488
 Microtonal,170
 Middle Earth,105
 Middle Eastern Traditional,153
 Midwest Americana,145
 Midwest Emo,410
 Milan Indie,197
 Military Band,248
 Military Cadence,41
 Military Rap,99
 Milwaukee Hip Hop,224
 Milwaukee Indie,183
 Min'yō,218
 Mindfulness,190
 Minecraft,94
 Minimal Dub,387
 Minimal Dubstep,205
 Minimal Melodic Techno,199
 Minimal Synth,170
 Minimal Tech House,507
 Minimal Techno,603
 Minimal Wave,314
 Minimalism,190
 Minneapolis Indie,354
 Minneapolis Punk,122
 Minneapolis Sound,114
 Minnesota Hip Hop,305
 Mississippi Indie,119
 Missouri Indie,105
 Mizrahi,101
 Mluvené slovo,135
 Mod Revival,227
 Modern Alternative Rock,754
 Modern Big Band,158
 Modern Blues,419
 Modern Blues Rock,534
 Modern Bollywood,509
 Modern Country Rock,404
 Modern Downshift,224
 Modern Dream Pop,146
 Modern Electroacoustic,122
 Modern Enka,173
 Modern Folk Rock,155
 Modern Free Jazz,262
 Modern Funk,285
 Modern Hard Rock,434
 Modern Jazz Piano,153
 Modern Jazz Trio,207
 Modern Mod,116
 Modern Old-Time,127
 Modern Performance,270
 Modern Power Pop,230
 Modern Progressive Rock,255
 Modern Psychedelic Folk,123
 Modern Reggae,325
 Modern Rock,885
 Modern Salsa,159
 Modern Samba,167
 Modern Ska Punk,345
 Modern Southern Rock,310
 Modern Swing,152
 Modern Uplift,270
 Modular Synth,272
 Modular Techno,130
 Molam,76
 Mollywood,240
 Monastic,264
 Montana Indie,107
 Montenegrin Pop,97
 Monterrey Indie,237
 Montréal Indie,211
 Moog,103
 Moombahton,276
 Moravian Folk,102
 Morna,251
 Moroccan Pop,175
 Moroccan Traditional,86
 Motivation,181
 Motown,481
 Mountain Dulcimer,87
 Movie Tunes,400
 Mundart,210
 Munich Electronic,175
 Munich Indie,289
 Murga,97
 Music Box,106
 Music Hall,289
 Musica Ayacuchana,101
 Musica Calabrese,154
 Musica Etnica,109
 Musica Lombarda,97
 Musica Occitana,122
 Musica Per Bambini,136
 Musica Sarda,131
 Musica para Niños,526
 Musical Advocacy,56
 Musiikkia Lapsille,303
 Musik Anak-Anak,131
 Musikkorps,179
 Musique Acadienne,101
 Musique Comorienne,94
 Musique Concrète,160
 Musique Mandingue,173
 Musique Peule,71
 Musique Pour Enfant Quebecois,90
 Musique Pour Enfants,416
 Musique Soninké,105
 Musique Touareg,62
 Musique Traditionnelle Comorienne,80
 Muzica Copii,79
 Muzică Creştină,122
 Muzică Populară,279
 Muziek Voor Kinderen,324
 Muzika L'Yeladim,101
 Myanmar,100
 Mákina,205
 Mérida Indie,190
 Métal Noir Québécois,136
 Mùsica Piemontèisa,146
 Música Afroperuana,125
 Música Antigua,85
 Música Canaria,96
 Música Eletrônica Brasileira,98
 Música Folk Asturiana,122
 Música Infantil Català,122
 Música Jíbara,104
 Música Llanera,268
 Música Mallorquina,178
 Música Menorquina,102
 Música Nativista,358
 Música Pitiusa,105
 Música Popular Amazonense,174
 Música Popular Paraense,283
 Música Portuguesa Contemporânea,127
 Música Potosina,134
 Música Prehispánica,68
 Música Rapa Nui,87
 Música Valenciana,101
 Música de Intervenção,89
 Música de Pernambuco,162
 Música de fondo,501
 Músicas Infantis,132
 NY Roots,107
 NYC Pop,164
 NYC Rap,167
 NYHC,271
 Naat,125
 Naija Worship,148
 Narodna Muzika,374
 Nasheed,235
 Nashville Americana,109
 Nashville Indie,283
 Nashville Singer-Songwriter,159
 Nashville Sound,104
 Nasyid,105
 Native American,349
 Native American Flute,120
 Native American Hip Hop,168
 Native American Spiritual,139
 Navajo,89
 Neapolitan Funk,68
 Necrogrind,194
 Nederpop,382
 Neo Classical Metal,487
 Neo Honky Tonk,225
 Neo Kyma,100
 Neo Mellow,598
 Neo Metal,175
 Neo R&B,446
 Neo Soul,463
 Neo Soul-Jazz,253
 Neo-Classical,497
 Neo-Crust,159
 Neo-Industrial Rock,243
 Neo-Kraut,183
 Neo-Pagan,266
 Neo-Progressive,341
 Neo-Proto,425
 Neo-Psychedelic,434
 Neo-Rockabilly,292
 Neo-Singer-Songwriter,167
 Neo-Synthpop,377
 Neo-Trad Doom Metal,216
 Neo-Trad Metal,373
 Neo-Trad Prog,204
 Neo-Traditional Bluegrass,143
 Neo-Traditional Country,225
 Neoclassical,317
 Neofolk,289
 Neomelodici,157
 Neon Pop Punk,383
 Neotango,105
 NepHop,85
 Nerdcore,213
 Neue Deutsche Harte,336
 Neue Deutsche Todeskunst,109
 Neue Deutsche Welle,225
 Neue Volksmusik,104
 Neurofunk,359
 Neurostep,202
 New Age,400
 New Age Piano,353
 New Americana,573
 New Beat,113
 New Brunswick Indie,172
 New Comedy,587
 New England Americana,237
 New French Touch,206
 New Hampshire Indie,119
 New Isolationism,265
 New Jack Smooth,192
 New Jack Swing,413
 New Orleans Americana,90
 New Orleans Blues,116
 New Orleans Funk,103
 New Orleans Indie,122
 New Orleans Jazz,302
 New Orleans Rap,162
 New Rave,443
 New Romantic,439
 New Tribe,131
 New Wave,507
 New Wave Pop,716
 New Wave of Glam Metal,110
 New Wave of Speed Metal,106
 New Wave of Thrash Metal,255
 New Weird America,167
 Newcastle Indie,116
 Newcastle NSW Indie,133
 Newfoundland Indie,141
 Ngoni,91
 Nica,115
 Nice Indie,99
 Nightcore,97
 Nightrun,163
 Ninja,266
 Nintendocore,186
 Nisiotika,114
 Nitzhonot,88
 No Wave,299
 Nohay,104
 Noise,291
 Noise Pop,581
 Noise Punk,246
 Noise Rock,313
 Noisecore,99
 Nordic Contemporary Classical,211
 Nordic Folk,240
 Nordic House,143
 Nordic Post-Rock,145
 Nordic Soundtrack,124
 Norges Stemme,133
 Normal Indie,101
 Norman OK Indie,106
 Norsk Lovsang,149
 Norteno,532
 Norteño-Sax,201
 North Carolina Emo,104
 North Carolina Indie,164
 North Dakota Indie,109
 North East England Indie,126
 Northamptonshire Indie,105
 Northern Irish Indie,260
 Northern Soul,200
 Northumbrian Folk,60
 Norwegian Alternative Rock,184
 Norwegian Americana,113
 Norwegian Black Metal,290
 Norwegian Blues,98
 Norwegian Choir,96
 Norwegian Classical,109
 Norwegian Contemporary Jazz,231
 Norwegian Country,185
 Norwegian Death Metal,158
 Norwegian Doom Metal,147
 Norwegian Experimental,129
 Norwegian Folk,241
 Norwegian Gospel,324
 Norwegian Hardcore,171
 Norwegian Hip Hop,324
 Norwegian Indie,378
 Norwegian Jazz,431
 Norwegian Metal,261
 Norwegian Pop,552
 Norwegian Pop Rap,362
 Norwegian Prog,121
 Norwegian Psychedelic,110
 Norwegian Punk,174
 Norwegian Punk Rock,178
 Norwegian Rock,348
 Norwegian Singer-Songwriter,140
 Norwegian Space Disco,141
 Norwegian Techno,90
 Nottingham Indie,198
 Nouvelle Chanson Française,254
 Nova Cançó,124
 Novelty,116
 Novos Talentos Brasileiros,44
 Nu Age,337
 Nu Disco,384
 Nu Electro,271
 Nu Gaze,389
 Nu Jazz,553
 Nu Metal,539
 Nu Skool Breaks,245
 Nu-Cumbia,171
 Nu-Metalcore,170
 Nubian Traditional,97
 Nueva Cancion,470
 Nuevo Folklore Argentino,123
 Nuevo Tango,190
 Nursery,230
 Nyahbinghi,78
 Nyckelharpa,97
 OK Indie,220
 OKC Indie,145
 Oakland Indie,199
 Oaxaca Indie,96
 Oberkrainer,146
 Oceania Soundtrack,104
 Ohio Indie,113
 Oi,326
 Okinawan Folk,118
 Okinawan Pop,126
 Oklahoma Country,173
 Oktoberfest,109
 Old School Dancehall,370
 Old School Hip Hop,208
 Old School Nederhop,97
 Old School Thrash,293
 Old School UK Hip Hop,90
 Old West,89
 Old-Time,311
 Old-Time Fiddle,235
 Olympia WA Indie,261
 Omaha Indie,128
 One-Person Band,151
 Ontario Indie,162
 Opera,496
 Opera Chorus,72
 Operatic Pop,275
 Operetta,150
 Oratory,137
 Orchestra,425
 Orchestral Performance,432
 Organetto,103
 Organic Ambient,215
 Organic Electronic,348
 Orgcore,358
 Oriental Classical,210
 Oriental Metal,146
 Orkney and Shetland Folk,86
 Orlando Indie,115
 Oromo Pop,72
 Orquesta Tipica,203
 Orquesta Tropical,192
 Orquestas De Galicia,144
 Orthodox Chant,264
 Oshare Kei,266
 Oslo Indie,211
 Ostrock,271
 Otacore,658
 Ottawa Indie,200
 Ottawa Rap,176
 Oud,147
 Oulu Metal,137
 Outer Hip Hop,231
 Outlaw Country,176
 Outsider,188
 Outsider House,328
 Oxford Indie,216
 Oyun Havası,127
 P Funk,178
 Pagan Black Metal,354
 Pagode,503
 Pagode Baiano,100
 Paidika Tragoudia,76
 Palestine,100
 Palestinian Pop,98
 Palm Desert Scene,130
 Panpipe,170
 Papuan Traditional,71
 Papuri,200
 Paracana,168
 Parody,96
 Partido Alto,77
 Partyschlager,375
 Pasodobles,137
 Pennsylvania Hardcore,157
 Permanent Wave,221
 Pernambuco Alternative,259
 Perreo,320
 Persian Alternative,256
 Persian Hip Hop,202
 Persian Neo-Traditional,171
 Persian Pop,392
 Persian Traditional,298
 Perth Indie,327
 Pet Calming,170
 Philly Indie,311
 Philly Rap,173
 Philly Soul,119
 Phoenix Indie,165
 Phonk,328
 Piada,66
 Pianissimo,447
 Piano Blues,167
 Piano Cover,155
 Piano Rock,229
 Pibroch,100
 Piedmont Blues,126
 Pilates,106
 Pinoy Alternative Rap,126
 Pinoy Hip Hop,256
 Pinoy Indie,381
 Pinoy Metal,101
 Pinoy Pop Punk,121
 Pinoy Praise,77
 Pinoy R&B,134
 Pinoy Reggae,100
 Pinoy Rock,444
 Pinoy Traditional,87
 Pinoy Trap,142
 Pipa,95
 Pirate,170
 Pittsburgh Indie,272
 Pittsburgh Rap,98
 Pittsburgh Rock,141
 Pixie,290
 Plunder,79
 Poetry,160
 Poezja Śpiewana,217
 Police Band,99
 Polish Alternative Rock,149
 Polish Ambient,127
 Polish Black Metal,134
 Polish Choir,84
 Polish Classical,112
 Polish Contemporary Classical,147
 Polish Death Metal,147
 Polish Early Music,75
 Polish Electronica,206
 Polish Experimental,107
 Polish Experimental Electronic,99
 Polish Folk,124
 Polish Free Jazz,97
 Polish Hip Hop,467
 Polish Indie,269
 Polish Jazz,228
 Polish Metal,104
 Polish Modern Jazz,172
 Polish Pop,398
 Polish Post-Rock,90
 Polish Punk,309
 Polish Reggae,217
 Polish Rock,116
 Polish Techno,159
 Polish Trap,131
 Polish Underground Hip Hop,163
 Polka,224
 Polynesian Pop,321
 Polynesian Traditional,130
 Polyphonies Corses,89
 Polyphony,160
 Pony,134
 Pop,1126
 Pop Argentino,115
 Pop Catracho,134
 Pop Emo,432
 Pop Flamenco,332
 Pop Folk,104
 Pop House,221
 Pop Minang,119
 Pop Nacional,134
 Pop Punk,704
 Pop Québécois,227
 Pop Rap,927
 Pop Reggaeton,455
 Pop Rock,815
 Pop Romántico,321
 Pop Urbaine,559
 Pop Violin,98
 Popgaze,318
 Popping,144
 Popwave,152
 Pornogrind,267
 Porro,207
 Portland Hip Hop,174
 Portland Indie,464
 Portland Metal,178
 Portsmouth Indie,107
 Portuguese Black Metal,91
 Portuguese Contemporary Classical,63
 Portuguese Death Metal,154
 Portuguese Early Music,98
 Portuguese Experimental,117
 Portuguese Folk,119
 Portuguese Indie,251
 Portuguese Indie Rock,113
 Portuguese Jazz,162
 Portuguese Metal,274
 Portuguese Pop,164
 Portuguese Post-Rock,97
 Portuguese Rock,260
 Portuguese Techno,134
 Post-Black Metal,218
 Post-Disco,437
 Post-Disco Soul,214
 Post-Doom Metal,345
 Post-Grunge,601
 Post-Hardcore,472
 Post-Metal,325
 Post-Minimalism,159
 Post-Post-Hardcore,296
 Post-Punk,377
 Post-Punk Brasileiro,146
 Post-Punk Mexicano,133
 Post-Rock,365
 Post-Rock Latinoamericano,114
 Post-Romantic Era,317
 Post-Screamo,547
 Post-Teen Pop,707
 Power Blues-Rock,339
 Power Electronics,167
 Power Metal,403
 Power Noise,275
 Power Pop,333
 Power Thrash,241
 Power-Pop Punk,296
 Powerviolence,262
 Powwow,217
 Praise,693
 Prank,146
 Prepared Piano,97
 Preschool Children's Music,233
 Prog Metal,101
 Prog Québec,99
 Progressive Alternative,143
 Progressive Black Metal,275
 Progressive Bluegrass,387
 Progressive Breaks,231
 Progressive Deathcore,380
 Progressive Doom,233
 Progressive Electro House,497
 Progressive House,732
 Progressive Jazz Fusion,256
 Progressive Metal,423
 Progressive Metalcore,194
 Progressive Post-Hardcore,345
 Progressive Power Metal,271
 Progressive Psytrance,337
 Progressive Rock,388
 Progressive Sludge,193
 Progressive Technical Death Metal,141
 Progressive Thrash,236
 Progressive Trance,660
 Progressive Trance House,275
 Progressive Uplifting Trance,410
 Proto-Rap,94
 Proto-Techno,100
 Protopunk,195
 Psalmen,179
 Psybreaks,219
 Psych Gaze,268
 Psychedelic Blues-Rock,310
 Psychedelic Doom,446
 Psychedelic Folk,206
 Psychedelic Folk Rock,100
 Psychedelic Punk,114
 Psychedelic Rock,468
 Psychedelic Space Rock,128
 Psychedelic Trance,304
 Psychill,344
 Psychobilly,337
 Psychokore,127
 Psytech,107
 Pub Rock,343
 Puerto Rican Folk,144
 Puerto Rican Indie,215
 Puerto Rican Metal,96
 Puerto Rican Pop,101
 Puerto Rican Rock,213
 Puglia Indie,197
 Punjabi Folk,95
 Punjabi Pop,415
 Punk,539
 Punk Blues,359
 Punk Català,116
 Punk Euskera,112
 Punk Rock Italiano,143
 Punk Ska,232
 Punk Tuga,104
 Punk Urbano,231
 Punta,90
 Purple Sound,91
 Qawwali,127
 Quatuor à cordes,98
 Queens Hip Hop,165
 Queercore,157
 Quiet Storm,571
 Quran,102
 Québec Death Metal,133
 Québec Indie,143
 Québec Punk,122
 R&B,591
 R&B Argentino,107
 R&B Brasileiro,133
 R&B en Español,128
 Rabindra Sangeet,109
 Radio Symphony,198
 Ragga Jungle,295
 Ragtime,224
 Rai,410
 Rajasthani Folk,150
 Rajasthani Pop,159
 Rakugo,108
 Ranchera,508
 Rap,926
 Rap Algérien,85
 Rap Antillais,157
 Rap Baiano,121
 Rap Calme,262
 Rap Catalan,108
 Rap Conciencia,127
 Rap Conscient,155
 Rap Criolo,116
 Rap Cristiano,355
 Rap Cristão,246
 Rap Ecuatoriano,63
 Rap Euskera,102
 Rap Feminino Nacional,139
 Rap Français,590
 Rap Galego,94
 Rap Ivoire,96
 Rap Kreyòl,107
 Rap Latina,173
 Rap Maroc,170
 Rap Maromba,78
 Rap Marseille,178
 Rap Metal,111
 Rap Metal Español,149
 Rap Metalcore,244
 Rap Montréalais,226
 Rap Napoletano,176
 Rap Rock,489
 Rap Salvadoreño,116
 Rap Sardegna,117
 Rap Toscana,109
 Rap Tunisien,99
 Rare Groove,306
 Rave,114
 Raw Black Metal,149
 Raw Techno,131
 Rawstyle,462
 Re:Techno,215
 Reading,340
 Reading Indie,127
 Rebel Blues,195
 Rebetiko,282
 Recorder,167
 Red Dirt,259
 Redneck,392
 Reggae,412
 Reggae Català,112
 Reggae Fusion,176
 Reggae Mexicano,119
 Reggae Rock,322
 Reggae en Español,324
 Reggaeton,472
 Reggaeton Flow,528
 Regional Mexican,462
 Regional Mexican Pop,552
 Reiki,139
 Relaxative,450
 Remix Product,142
 Renaissance,369
 Retro Electro,497
 Retro Metal,352
 Retro Soul,140
 Rhode Island Indie,290
 Rhythm Game,156
 Rhythm and Blues,374
 Rhythm and Boogie,207
 Riddim,297
 Rif,374
 Ringtone,107
 Rio De La Plata,320
 Rio Grande do Sul Indie,140
 Riot Grrrl,231
 Ritmo Kombina,129
 Rochester NY Indie,225
 Rock,1173
 Rock Alternatif Français,137
 Rock Alternativo Brasileiro,123
 Rock Alternativo Español,104
 Rock Caipira,100
 Rock Català,334
 Rock Catracho,109
 Rock Chapin,164
 Rock Cristiano,174
 Rock Curitibano,124
 Rock Drums,135
 Rock Gaúcho,357
 Rock Gospel Brasileiro,164
 Rock Gótico,194
 Rock Kapak,392
 Rock Nacional,413
 Rock Nacional Brasileiro,131
 Rock Noise,143
 Rock Progresivo Mexicano,102
 Rock Québécois,171
 Rock Steady,369
 Rock Tico,224
 Rock Urbano Mexicano,154
 Rock Việt,129
 Rock en Asturiano,97
 Rock en Español,732
 Rock-and-Roll,471
 Rockabilly,375
 Rockabilly en Español,105
 Roda de Samba,101
 Rome Indie,177
 Rominimal,129
 Romántico,334
 Roots Americana,422
 Roots Reggae,474
 Roots Rock,795
 Roots Worship,365
 Rosario Indie,145
 Rosary,262
 Rotterdam Indie,103
 Rumba,397
 Rumba Catalana,139
 Rumba Congolaise,101
 Rune Folk,150
 Russelåter,565
 Ruta Destroy,130
 Ryūkyū Ongaku,155
 Ryūkōka,100
 Sacramento Indie,255
 Saint Lucia,5
 Saint-Martin,11
 Salay,86
 Salsa,401
 Salsa Choke,94
 Salsa Cristiana,117
 Salsa International,407
 Salsa Puertorriqueña,187
 Salsa Venezolana,106
 Salzburg Indie,98
 Samba,447
 Samba Reggae,77
 Samba de Roda,75
 Samba-Enredo,318
 Samba-Rock,136
 Sambass,97
 San Antonio Indie,148
 San Diego Indie,224
 San Diego Rap,145
 San Marcos TX Indie,111
 Sandalwood,142
 Santa Fe Indie,98
 Santur,90
 Sarangi,73
 Sardinia Indie,142
 Sarod,90
 Saskatchewan Indie,144
 Scandinavian R&B,122
 Scandipop,170
 Schlager,434
 School Choir,198
 School Ensemble,362
 Schranz,289
 Schweizer Rap,265
 Sci-Fi Metal,232
 Scorecore,578
 Scottish Americana,167
 Scottish Electronic,110
 Scottish Fiddle,101
 Scottish Folk,280
 Scottish Gaelic Folk,104
 Scottish Hip Hop,110
 Scottish Indie,300
 Scottish Indie Folk,155
 Scottish Indie Rock,170
 Scottish Jazz,126
 Scottish Metal,142
 Scottish New Wave,202
 Scottish Rock,403
 Scottish Singer-Songwriter,175
 Scottish Techno,182
 Scratch,199
 Scream Rap,108
 Screamo,639
 Screamocore,210
 Seattle Indie,371
 Second Line,89
 Sefardi,171
 Semba,184
 Serialism,119
 Sertanejo,440
 Sertanejo Gospel,99
 Sertanejo Pop,436
 Sertanejo Tradicional,348
 Sertanejo Universitario,469
 Sevdah,324
 Sevilla Indie,103
 Sevillanas,156
 Shaabi,91
 Shabad,213
 Shakuhachi,67
 Shamanic,381
 Shamisen,94
 Shanty,190
 Shantykoren,77
 Sheffield Indie,284
 Sheilat,83
 Shibuya-Kei,267
 Shimmer Pop,502
 Shimmer Psych,199
 Shiver Pop,204
 Shoegaze,317
 Sholawat,163
 Show Tunes,562
 Shred,299
 Siberian Folk,125
 Sinaloa Indie,132
 Singer-Songwriter,242
 Singing Bowl,85
 Sinhala Pop,284
 Sinhala Rap,84
 Sinogaze,94
 Sitar,91
 Ska,479
 Ska Argentino,197
 Ska Català,113
 Ska Español,107
 Ska Jazz,118
 Ska Mexicano,212
 Ska Punk,342
 Ska Revival,285
 Skate Punk,361
 Skiffle,195
 Skinhead Oi,217
 Skramz,323
 Skweee,184
 Sky Room,516
 Slack-Key Guitar,145
 Slam Death Metal,380
 Slam Poetry,122
 Slamming Deathcore,166
 Slash Punk,136
 Slavic Folk Metal,149
 Slayer,442
 Sleaze Rock,367
 Sleep,799
 Slovak Electronic,110
 Slovak Folk,107
 Slovak Hip Hop,116
 Slovak Indie,165
 Slovak Metal,184
 Slovak Pop,320
 Slovak Rock,105
 Slow Core,398
 Slow Game,240
 Sludge Metal,350
 Sludgecore,143
 Small Room,206
 Smooth Jazz,462
 Smooth Saxophone,197
 Smooth Soul,122
 Smooth Urban R&B,264
 SoCal Pop Punk,196
 Soca,365
 Social Media Pop,413
 Soda Pop,149
 Soft Rock,700
 Solipsynthm,210
 Somali Pop,193
 Somatik Techno,76
 Song Poem,91
 Sonora Indie,111
 Soukous,322
 Soul,584
 Soul Blues,200
 Soul Flow,224
 Soul Jazz,388
 Sound,166
 Sound Art,401
 Sound Effects,265
 Sound Team,126
 Soundtrack,466
 South Carolina Indie,154
 South Dakota Indie,109
 Southampton Indie,167
 Southeast Asian Post-Rock,156
 Southern Americana,229
 Southern Gospel,330
 Southern Hip Hop,652
 Southern Metal,128
 Southern Rock,200
 Southern Soul,387
 Southern Soul Blues,303
 Soviet Synthpop,107
 Sovietwave,99
 Spa,169
 Space Age Pop,268
 Space Ambient,134
 Space Rock,386
 Spacewave,159
 Spanish Baroque,112
 Spanish Black Metal,132
 Spanish Blues,106
 Spanish Classical,32
 Spanish Contemporary Classical,101
 Spanish Electropop,131
 Spanish Folk,354
 Spanish Folk Metal,106
 Spanish Hip Hop,353
 Spanish Indie Pop,417
 Spanish Indie Rock,145
 Spanish Invasion,238
 Spanish Jazz,111
 Spanish Metal,428
 Spanish Modern Rock,149
 Spanish New Wave,345
 Spanish Noise Pop,382
 Spanish Pop,512
 Spanish Pop Rock,310
 Spanish Post-Punk,140
 Spanish Post-Rock,99
 Spanish Prog,97
 Spanish Progressive Rock,140
 Spanish Psychedelic Rock,99
 Spanish Punk,369
 Spanish Reggae,163
 Spanish Renaissance,106
 Spanish Rock,367
 Spanish Rockabilly,104
 Spanish Stoner Rock,105
 Spanish Techno,109
 Speed Garage,87
 Speed Metal,582
 Speedcore,233
 Spiritual Jazz,219
 Spoken Word,189
 Spytrack,216
 St Petersburg FL Indie,107
 Starogradska,159
 Steampunk,332
 Steel Guitar,105
 Steelpan,196
 Stockholm Indie,219
 Stomp Pop,305
 Stomp and Flutter,128
 Stomp and Holler,707
 Stomp and Whittle,225
 Stoner Metal,359
 Stoner Rock,394
 Straight Edge,341
 Straight-Ahead Jazz,101
 Streektaal,128
 Street Band,98
 Street Punk,245
 Street Punk Español,161
 Stride,315
 String Band,327
 String Folk,190
 String Orchestra,71
 String Quartet,379
 Strut,256
 Stubenmusik,137
 Stuttgart Indie,110
 Substep,380
 Sufi,453
 Sufi Chant,93
 Sundanese Traditional,99
 Sung Poetry,138
 Sungura,144
 Sunset Lounge,175
 Sunshine Pop,124
 Suomi Rock,523
 Suomisaundi,117
 Supergroup,139
 Surf Music,273
 Swahili Gospel,113
 Swamp Blues,119
 Swamp Pop,239
 Swancore,131
 Swansea Indie,129
 Swedish Alternative Rock,427
 Swedish Americana,128
 Swedish Black Metal,249
 Swedish Blues,104
 Swedish Choir,103
 Swedish Classical,104
 Swedish Contemporary Classical,105
 Swedish Country,126
 Swedish Dancehall,115
 Swedish Death Metal,239
 Swedish Doom Metal,284
 Swedish Electronic,117
 Swedish Electropop,164
 Swedish Eurodance,136
 Swedish Fiddle,160
 Swedish Folk Pop,106
 Swedish Gangsta Rap,205
 Swedish Garage Rock,104
 Swedish Grindcore,97
 Swedish Hard Rock,271
 Swedish Hardcore,161
 Swedish Hip Hop,431
 Swedish Idol Pop,182
 Swedish Indie Pop,286
 Swedish Indie Rock,243
 Swedish Jazz,253
 Swedish Jazz Orkester,121
 Swedish Metal,263
 Swedish Metalcore,124
 Swedish Pop,638
 Swedish Pop Punk,170
 Swedish Post-Hardcore,99
 Swedish Post-Punk,107
 Swedish Power Metal,147
 Swedish Prog,232
 Swedish Psychedelic Rock,125
 Swedish Punk,308
 Swedish Reggae,268
 Swedish Rockabilly,140
 Swedish Singer-Songwriter,146
 Swedish Soul,103
 Swedish Stoner Rock,146
 Swedish Synth,370
 Swedish Synthpop,309
 Swedish Techno,270
 Swedish Trap,134
 Swedish Tropical House,115
 Swedish Underground Rap,188
 Swedish Urban,440
 Swing,395
 Swing Italiano,121
 Swing Revival,256
 Swiss Alternative Rock,101
 Swiss Contemporary Classical,112
 Swiss Country,97
 Swiss Experimental,129
 Swiss Folk,127
 Swiss Hip Hop,412
 Swiss House,103
 Swiss Indie,337
 Swiss Indie Folk,107
 Swiss Jazz,214
 Swiss Metal,334
 Swiss Pop,114
 Swiss Reggae,95
 Swiss Rock,212
 Swiss Singer-Songwriter,111
 Swiss Techno,175
 Swiss Trap,96
 Swiss Worship,88
 Sydney Indie,181
 Symphonic Black Metal,333
 Symphonic Death Metal,350
 Symphonic Metal,328
 Symphonic Power Metal,583
 Symphonic Rock,481
 Synth Punk,139
 Synthpop,260
 Syro-Aramaic Chant,80
 Szanty,70
 Sámi,245
 Séga,321
 Séga Mauricien,147
 Tabla,99
 Tagalog Worship,124
 Tahitian,119
 Taiko,93
 Tajik Pop,100
 Tajik Traditional,75
 Talent Show,185
 Talentos Brasileiros,172
 Tallava,194
 Tamborazo,149
 Tamburica,205
 Tamil Hip Hop,198
 Tamil Pop,366
 Tamil Worship,187
 Tampa Indie,104
 Tanci,39
 Tango,325
 Tango Canción,125
 Tanzlmusi,236
 Taraneem,135
 Tarantella,135
 Tassie Indie,186
 Tavern,82
 Tech House,538
 Technical Black Metal,108
 Technical Brutal Death Metal,242
 Technical Death Metal,345
 Technical Deathcore,196
 Technical Groove,97
 Technical Thrash,176
 Techno,309
 Techno Kayō,103
 Tecnobrega,166
 Teen Pop,194
 Tejano,366
 Tekno,265
 Telugu Worship,86
 Tennessee Metal,260
 Terrorcore,257
 Tex-Mex,189
 Texas Blues,159
 Texas Country,515
 Texas Pop Punk,112
 Texas Punk,270
 Thai Folk,100
 Thai Folk Pop,117
 Thai Folk Rock,126
 Thai Hip Hop,195
 Thai Idol,217
 Thai Indie,269
 Thai Indie Pop,143
 Thai Indie Rock,185
 Thai Instrumental,82
 Thai Metal,103
 Thai Pop,447
 Thai Rock,172
 Thai Traditional,93
 Thall,104
 Theme,299
 Therapy,149
 Theremin,89
 Thrash Core,285
 Thrash Metal,302
 Thrash-Groove Metal,189
 Throat Singing,174
 Tibetan Mantra,102
 Tibetan Pop,170
 Tibetan Traditional,89
 Tico,309
 Tijuana Electronic,79
 Tijuana Indie,121
 Timba,314
 Tin Pan Alley,173
 Tollywood,167
 Tone,176
 Torch Song,136
 Toronto Indie,353
 Toronto Rap,298
 Trad Jazz Català,92
 Trad Québécois,107
 Traditional Bluegrass,233
 Traditional Blues,340
 Traditional British Folk,332
 Traditional Country,118
 Traditional English Folk,182
 Traditional Folk,466
 Traditional Funk,164
 Traditional Reggae,190
 Traditional Rockabilly,185
 Traditional Scottish Folk,237
 Traditional Ska,322
 Traditional Soul,243
 Trallalero,49
 Trance,434
 Trancecore,181
 Transpop,155
 Trap,719
 Trap Argentino,200
 Trap Brasileiro,349
 Trap Català,114
 Trap Español,416
 Trap Italiana,208
 Trap Latino,93
 Trap Metal Italiana,72
 Trap Mexicano,140
 Trap Pesado,84
 Trap Queen,412
 Trap Soul,368
 Trap Tuga,107
 Traprun,395
 Trash Rock,212
 Trekkspill,201
 Triangle Indie,227
 Tribal House,219
 Tribute,165
 Trikiti,96
 Trinidadian Reggae,94
 Trio Batak,121
 Trio Huasteco,220
 Trip Hop,369
 Trival,97
 Trondheim Indie,101
 Tropical,819
 Tropical House,739
 Trova,321
 Truck-Driving Country,96
 Tucson Indie,160
 Tulsa Indie,129
 Turbo Folk,435
 Turin Indie,165
 Turkish Alternative,200
 Turkish Alternative Rock,155
 Turkish Black Metal,98
 Turkish Classical,274
 Turkish Electronic,111
 Turkish Experimental,93
 Turkish Folk,440
 Turkish Hip Hop,403
 Turkish Instrumental,127
 Turkish Jazz,399
 Turkish Metal,311
 Turkish Modern Jazz,123
 Turkish Pop,585
 Turkish Psych,184
 Turkish Punk,101
 Turkish Rock,453
 Turkish Singer-Songwriter,110
 Turkish Soundtrack,102
 Turkish Trap,144
 Turkish Trap Pop,420
 Turntablism,366
 Twee Indie Pop,193
 Twee Pop,339
 Twin Cities Indie,242
 Twoubadou,100
 Tzadik,244
 Típico,100
 Tār,142
 UK Alternative Hip Hop,486
 UK Alternative Pop,147
 UK Americana,156
 UK Beatdown,112
 UK Christian Rap,102
 UK Contemporary Jazz,167
 UK Contemporary R&B,344
 UK DIY Punk,206
 UK Dance,185
 UK Dancehall,105
 UK DnB,512
 UK Doom Metal,373
 UK Drill,278
 UK Dub,177
 UK Experimental Electronic,282
 UK Funky,233
 UK Garage,271
 UK Hip Hop,724
 UK House,177
 UK Metalcore,177
 UK Noise Rock,107
 UK Pop,253
 UK Pop Punk,152
 UK Post-Hardcore,125
 UK Post-Metal,108
 UK Post-Punk,249
 UK Post-Punk Revival,116
 UK Reggae,200
 UK Rockabilly,110
 UK Stoner Rock,158
 UK Tech House,157
 UK Worship,150
 Uilleann Pipes,128
 Ukrainian Black Metal,144
 Ukrainian Choir,65
 Ukrainian Classical,85
 Ukrainian Electronic,264
 Ukrainian Experimental,103
 Ukrainian Folk,111
 Ukrainian Hip Hop,99
 Ukrainian Indie,220
 Ukrainian Metal,210
 Ukrainian Pop,327
 Ukrainian Rock,288
 Ukulele,191
 Umbanda,126
 Umeå Indie,113
 Unblack Metal,258
 Underground Hip Hop,768
 Underground Latin Hip Hop,198
 Underground Power Pop,282
 Underground Rap,453
 University Choir,148
 Uplifting Trance,468
 Uptempo Hardcore,443
 Urban Contemporary,777
 Utah Indie,110
 Uwielbienie,103
 Uyghur Folk,76
 Uzbek Pop,255
 Uzbek Traditional,127
 V-Pop,474
 Vaikiškos Dainos,62
 Vallenato,147
 Vancouver Indie,360
 Vancouver Metal,190
 Vancouver Punk,385
 Vapor House,194
 Vapor Pop,288
 Vapor Soul,677
 Vapor Trap,598
 Vapor Twitch,470
 Vaporwave,325
 Vaqueiro,101
 Variété Française,91
 Vaudeville,198
 Veena,88
 Vegan Straight Edge,216
 Vegas Indie,183
 Velha Guarda,384
 Veracruz Indie,147
 Vermont Indie,143
 Victoria BC Indie,194
 Victorian Britain,115
 Video Game Music,445
 Vienna Indie,260
 Viking Folk,98
 Viking Metal,351
 Villancicos,116
 Vintage Chanson,258
 Vintage Chinese Pop,244
 Vintage Classical Singing,293
 Vintage Country Folk,184
 Vintage Dutch Pop,301
 Vintage French Electronic,182
 Vintage Gospel,245
 Vintage Hawaiian,211
 Vintage Hollywood,105
 Vintage Italian Soundtrack,217
 Vintage Jazz,267
 Vintage Old-Time,258
 Vintage Radio Show,69
 Vintage Reggae,105
 Vintage Rockabilly,165
 Vintage Schlager,284
 Vintage Spanish Pop,107
 Vintage Swedish Pop,308
 Vintage Swing,164
 Vintage Swoon,181
 Vintage Tango,343
 Vintage Western,158
 Viol,123
 Viola,212
 Viola Caipira,178
 Violin,319
 Violão,214
 Viral Pop,411
 Viral Trap,161
 Virgin Islands Reggae,97
 Virginia Indie,146
 Virginia Metal,255
 Virginia Punk,187
 Vispop,168
 Visual Kei,330
 Vlaamse Cabaret,90
 Vlaamse Kinderliedje,87
 Vocal Ensemble,142
 Vocal Harmony Group,200
 Vocal House,441
 Vocal Jazz,451
 Vocal Trance,125
 Vocaloid,307
 Vogue,134
 Voidgaze,462
 Voidgrind,148
 Volksmusik,431
 Volkspop,116
 Volkstümliche Musik,233
 Waiata Māori,140
 Wandelweiser,50
 War Metal,116
 Warm Drone,319
 Warrington Indie,118
 Washboard,185
 Washington Indie,123
 Wassoulou,117
 Water,166
 Wave,320
 Weightless,109
 Wellington Indie,153
 Welsh Choir,131
 Welsh Folk,171
 Welsh Hip Hop,99
 Welsh Indie,285
 Welsh Metal,102
 Welsh Rock,214
 West African Jazz,137
 West Coast Rap,201
 West Coast Reggae,165
 West Coast Trap,467
 West End,174
 West Virginia Indie,179
 West Virginia Metal,101
 West Yorkshire Indie,102
 West-Vlaamse Hip Hop,80
 Western Americana,129
 Western Mass Indie,215
 Western Swing,275
 White Noise,214
 Wind Ensemble,218
 Wind Quintet,183
 Windsor ON Indie,146
 Winnipeg Hip Hop,114
 Wisconsin Indie,113
 Witch House,212
 Women's Choir,125
 Wonky,343
 Workout Product,312
 World,357
 World Chill,244
 World Fusion,257
 World Meditation,201
 World Worship,588
 Worship,519
 Wrestling,122
 Wrock,103
 Wu Fam,197
 Wyoming Indie,105
 Wyoming Roots,101
 Xhosa,86
 Yacht Rock,217
 Ye Ye,182
 Yiddish Folk,67
 Yodeling,97
 Yoga,187
 Yoik,209
 York Indie,104
 Yugoslav New Wave,116
 Yugoslav Rock,351
 Yunnan Traditional,144
 Zampogna,63
 Zapstep,537
 Zen,171
 Zespol Dziecięcy,107
 Zeuhl,226
 Zhongguo Feng,67
 Zikir,99
 Zillertal,336
 Zim Gospel,116
 Zim Hip Hop,121
 Zim Urban Groove,184
 Zimdancehall,118
 Zither,77
 Zolo,226
 Zouglou,280
 Zouk,339
 Zouk Riddim,321
 Zydeco,315
 Zürich Indie,102
 the Czech Republic,100
 Çifteli,98
 Çocuk Şarkısı,117
 İlahiler,121
